{"cameraMode":{"drawMode":0,"name":"Shaded","section":"Shading Mode"},"sceneLighting":false,"audioPlay":false,"sceneViewState":{"m_AlwaysRefresh":false,"showFog":false,"showSkybox":false,"showFlares":false,"showImageEffects":false,"showParticleSystems":false,"showVisualEffectGraphs":true,"m_FxEnabled":true},"in2DMode":false,"pivot":{"x":-0.000048995018005371094,"y":0.8936522006988525,"z":0.02567341923713684},"rotation":{"x":-0.08755330741405487,"y":0.8999707698822022,"z":-0.3702617883682251,"w":-0.21281008422374726},"size":1.4067161083221436,"orthographic":false}